INSERT INTO academy (name)
VALUES ('academy'),
       ('eduleaf'),
       ('ajoucoding');

INSERT INTO teacher (name, teach_id, teach_pw, academy_id)
VALUES ('나선생', 'nah123', 'nah123!', 1), -- 1 (teacher_id)
       ('안정섭', 'ajs', '1234', 1),       -- 2
       ('김상훈', 'shk', '1234', 1), -- 3
       ('강경란', 'kang', 'kang1234', 2), -- 4
       ('정현지', 'jhz', 'jhz0011', 2), -- 5
       ('장원영', 'jwy', 'jwy1234', 3), -- 6
       ('김민주', 'kmj', 'kmj1234', 3); -- 7

INSERT INTO group_table (name, academy_id, teacher_id)
VALUES ('코뿔소', 1, 1), -- 1 (group_id)
       ('병아리', 1, 2), -- 2
       ('불사조', 1, 3), -- 3
       ('초등A반', 2, 4), -- 4
       ('초등B반', 2, 5), -- 5
       ('중등A반', 3, 6), -- 6
       ('중등B반', 3, 7); -- 7


INSERT INTO student (age, boj_id, name, student_id, student_pw, academy_id, group_id)
VALUES (12, 'sfg1234', '소학생', 'sosongha3', 'ss123!', 1, 3), -- 1  (student_id)
       (14, 'sdf12g4', '이학생', 'sshoon333', 'ss123!', 1, 3), -- 2
       (13, 'adfjk1', '김하이', 'shshs123', 'ss123!', 1, 3),   -- 3
       (12, 'sfkdj134', '최하염', 'choi123', 'ss123!', 1, 3),  -- 4
       (14, 'sangjuntest', '박상준', 'sangjun', '1234', 1, 2), -- 5
       (15, 'dfjk123', '김나박', 'kimnapark', '1234467', 1, 2), -- 6
       (15, 'jhws471', '김성주', 'kimsungzoo', '1234!', 1, 2), -- 7
       (14, 'ahjf123', '이이경', 'leelee', 'ajk135', 1, 2), -- 8
       (13, 'gyn752', '박나래', 'narae12', 'afjkf123', 1, 2), -- 9
       (15, 'avg123', '유재석', 'jsyou', '1234aass', 1, 3), -- 10
       (12, 'advh178', '홍길동', 'hong123', 'hong1234', 1, 3), -- 11
       (15, 'hihihi11', '박보검', 'bkbklove', 'lovegirl', 1, 3), -- 12
       (14, 'dodo123', '한소희', 'hanperson', 'han1004', 1, 1), -- 13
       (12, 'heyru1004', '김구라', 'justkidding', 'kin1023!', 1, 1), -- 14
       (11, 'javaking', '애호박', 'jukiny8080', 'juju10ju', 1, 1), -- 15
       (13, 'datasql', '박데이터', 'datapark', 'bigda105', 1, 1), -- 16
       (15, 'resource1', '최자료', 'res4000', 'resour1045', 1, 1), -- 17
       (15, 'testperson', '이테스트', 'testman', 'testman123', 1, 1), -- 18
       (14, 'iamyou', '난사람', 'iamyou', 'amiyou!', 1, 1), -- 19
       (13, 'heyhey', '김시비', 'kimhey098', '104!104', 1, 1); -- 20



INSERT INTO parent (name, parent_id, parent_pw, relation, student_id, phone_number)
VALUES ('학생맘', 'studentmom', '1234', '모', 1, '010-1111-222'),
       ('상준맘', 'sangjunmom', '1234', '모', 5, '010-1234-5678'),
       ('하염아빠', 'hayeomdad', '1234', '부', 4, '010-3333-4444'),
       ('나박맘', 'naparkmom', '1234', '모', 6, '010-0000-1111');

INSERT INTO problem (problem_no)
VALUES (1000),
       (1001),
       (1002),
       (1003),
       (1004),
       (1005),
       (1006),
       (1007),
       (9498),
       (1330), --10
       (10172),
       (10171),
       (11382),
       (2588),
       (2557),
       (2556),
       (2555),
       (2554),
       (2553),
       (2552), --20
       (2000),
       (2001),
       (2002),
       (2003),
       (2004),
       (2005),
       (2006),
       (2007),
       (2008),
       (2009), --30
       (3000),
       (3001),
       (3002),
       (3003),
       (3004),
       (3005),
       (3006),
       (3007),
       (3008),
       (3009), --40
       (4000),
       (4001),
       (4002),
       (4003),
       (4004),
       (4005),
       (4006),
       (4007),
       (4008),
       (4009), --50
       (5000),
       (5001),
       (5002),
       (5003),
       (5004),
       (5005),
       (5006),
       (5007),
       (5008),
       (5009), --60
       (6000),
       (6001),
       (6002),
       (6003),
       (6004),
       (6005),
       (6006),
       (6007),
       (6008),
       (6009), --70
       (7000),
       (7001),
       (7002),
       (7003),
       (7004),
       (7005),
       (7006),
       (7007),
       (7008),
       (7009), --80
       (8000),
       (8001),
       (8002),
       (8003),
       (8004),
       (8005),
       (8006),
       (8007),
       (8008),
       (8009), --90
       (9000),
       (9001),
       (9002),
       (9003),
       (9004),
       (9005),
       (9006),
       (9007),
       (9008),
       (9009); --100



INSERT INTO lesson (content, date, group_id)
VALUES ('파이썬', '2023-12-01', 2), -- 1 (lesson_id)
       ('파이썬', '2023-12-08', 2), -- 2
       ('파이썬', '2023-12-15', 2), -- 3
       ('파이썬', '2023-12-22', 2), -- 4
       ('파이썬', '2023-12-29', 2), -- 5
       ('파이썬', '2024-01-05', 2), -- 6
       ('파이썬', '2024-01-12', 2), -- 7
       ('파이썬', '2024-01-19', 2), -- 8
       ('파이썬', '2024-01-26', 2), -- 9
       ('파이썬', '2024-02-02', 2), -- 10
       ('C언어', '2023-12-01', 3), -- 1 (lesson_id)
       ('C언어', '2023-12-08', 3), -- 2
       ('C언어', '2023-12-15', 3), -- 3
       ('C언어', '2023-12-22', 3), -- 4
       ('C언어', '2023-12-29', 3), -- 5
       ('C언어', '2024-01-05', 3), -- 6
       ('C언어', '2024-01-12', 3), -- 7
       ('C언어', '2024-01-19', 3), -- 8
       ('C언어', '2024-01-26', 3), -- 9
       ('C언어', '2024-02-02', 3), -- 20
       ('JAVA', '2023-12-01', 1), -- 1 (lesson_id)
       ('JAVA', '2023-12-08', 1), -- 2
       ('JAVA', '2023-12-15', 1), -- 3
       ('JAVA', '2023-12-22', 1), -- 4
       ('JAVA', '2023-12-29', 1), -- 5
       ('JAVA', '2024-01-05', 1), -- 6
       ('JAVA', '2024-01-12', 1), -- 7
       ('JAVA', '2024-01-19', 1), -- 8
       ('JAVA', '2024-01-26', 1), -- 9
       ('JAVA', '2024-02-02', 1), -- 30
       ('Scratch', '2023-12-01', 4), -- 1 (lesson_id)
       ('Scratch', '2023-12-08', 4), -- 2
       ('Scratch', '2023-12-15', 4), -- 3
       ('Scratch', '2023-12-22', 4), -- 4
       ('Scratch', '2023-12-29', 4), -- 5
       ('Scratch', '2024-01-05', 4), -- 6
       ('Scratch', '2024-01-12', 4), -- 7
       ('Scratch', '2024-01-19', 4), -- 8
       ('Scratch', '2024-01-26', 4), -- 9
       ('Scratch', '2024-02-02', 4), -- 40
       ('Scratch', '2023-12-01', 5), -- 1 (lesson_id)
       ('Scratch', '2023-12-08', 5), -- 2
       ('Scratch', '2023-12-15', 5), -- 3
       ('Scratch', '2023-12-22', 5), -- 4
       ('Scratch', '2023-12-29', 5), -- 5
       ('Scratch', '2024-01-05', 5), -- 6
       ('Scratch', '2024-01-12', 5), -- 7
       ('Scratch', '2024-01-19', 5), -- 8
       ('Scratch', '2024-01-26', 5), -- 9
       ('Scratch', '2024-02-02', 5), -- 50
       ('Scratch', '2023-12-01', 6), -- 1 (lesson_id)
       ('Scratch', '2023-12-08', 6), -- 2
       ('Scratch', '2023-12-15', 6), -- 3
       ('Scratch', '2023-12-22', 6), -- 4
       ('Scratch', '2023-12-29', 6), -- 5
       ('Scratch', '2024-01-05', 6), -- 6
       ('Scratch', '2024-01-12', 6), -- 7
       ('Scratch', '2024-01-19', 6), -- 8
       ('Scratch', '2024-01-26', 6), -- 9
       ('Scratch', '2024-02-02', 6), -- 60
       ('Scratch', '2023-12-01', 7), -- 1 (lesson_id)
       ('Scratch', '2023-12-08', 7), -- 2
       ('Scratch', '2023-12-15', 7), -- 3
       ('Scratch', '2023-12-22', 7), -- 4
       ('Scratch', '2023-12-29', 7), -- 5
       ('Scratch', '2024-01-05', 7), -- 6
       ('Scratch', '2024-01-12', 7), -- 7
       ('Scratch', '2024-01-19', 7), -- 8
       ('Scratch', '2024-01-26', 7), -- 9
       ('Scratch', '2024-02-02', 7); -- 70


INSERT INTO lesson_problem (lesson_id, problem_id)
VALUES (1, 1000),
       (1, 1001),
       (1, 1002),
       (1, 1003),
       (1, 1004),
       (2, 2557),
       (2, 1005),
       (2, 1006),
       (2, 1007);

INSERT INTO student_lesson (lesson_id, student_id, attendance)
VALUES (1, 5, true), (1, 6, true),
       (2, 5, false), (2, 6, false),
       (3, 5, false), (3, 6, false),
       (4, 5, false), (4, 6, false),
       (5, 5, false), (5, 6, false),
       (6, 5, false), (6, 6, false),
       (7, 5, false), (7, 6, false),
       (8, 5, false), (8, 6, false);

INSERT INTO student_problem (student_id, problem_id, solved_date)
VALUES (1, 1000, '2023-11-01'), (1, 1001, '2023-12-01'),
       (1, 1002, '2023-11-01'), (1, 1003, '2023-12-01'),
       (1, 1004, '2023-11-01'), (1, 1005, '2023-12-01'),
       (1, 1006, '2023-11-02'), (1, 1007, '2023-12-01'),
       (1, 9498, '2023-11-02'), (1, 1330, '2023-12-01'), --10
       (1, 10172, '2023-11-02'), (1, 10171, '2023-12-01'),
       (1, 11382, '2023-11-01'), (1, 2588, '2023-12-01'),
       (1, 2557, '2023-11-01'), (1, 2556, '2023-12-01'),
       (1, 2555, '2023-11-01'), (1, 2554, '2023-12-01'),
       (1, 2553, '2023-11-01'), (1, 2552, '2023-12-01'), --20
       (1, 2000, '2023-11-01'), (1, 2001, '2023-12-01'),
       (1, 2002, '2023-11-01'), (1, 2003, '2023-12-01'),
       (1, 2004, '2023-11-01'), (1, 2005, '2023-12-01'),
       (1, 2006, '2023-11-01'), (1, 2007, '2023-12-01'),
       (1, 2008, '2023-11-01'), (1, 2009, '2023-12-01'), --30
       (1, 3000, '2023-11-01'), (1, 3001, '2023-12-01'),
       (1, 3002, '2023-11-01'), (1, 3003, '2023-12-01'),
       (1, 3004, '2023-11-01'), (1, 3005, '2023-12-01'),
       (1, 3006, '2023-11-01'), (1, 3007, '2023-12-01'),
       (1, 3008, '2023-11-01'), (1, 3009, '2023-12-01'), --40
       (1, 4000, '2023-11-01'), (1, 4001, '2023-12-01'),
       (1, 4002, '2023-11-01'), (1, 4003, '2023-12-01'),
       (1, 4004, '2023-11-01'), (1, 4005, '2023-12-01'),
       (1, 4006, '2023-11-01'), (1, 4007, '2023-12-01'),
       (1, 4008, '2023-11-01'), (1, 4009, '2023-12-01'), --50
       (1, 5000, '2023-11-01'), (1, 5001, '2023-12-01'),
       (1, 5002, '2023-11-01'), (1, 5003, '2023-12-01'),
       (1, 5004, '2023-11-01'), (1, 5005, '2023-12-01'),
       (1, 5006, '2023-11-01'), (1, 5007, '2023-12-01'),
       (1, 5008, '2023-11-01'), (1, 5009, '2023-12-01'), --60
       (1, 6000, '2023-11-01'), (1, 6001, '2023-12-01'),
       (1, 6002, '2023-11-01'), (1, 6003, '2023-12-01'),
       (1, 6004, '2023-11-01'), (1, 6005, '2023-12-01'),
       (1, 6006, '2023-11-01'), (1, 6007, '2023-12-01'),
       (1, 6008, '2023-11-01'), (1, 6009, '2023-12-01'), --70
       (1, 7000, '2023-11-01'), (1, 7001, '2023-12-01'),
       (1, 7002, '2023-11-01'), (1, 7003, '2023-12-01'),
       (1, 7004, '2023-11-01'), (1, 7005, '2023-12-01'),
       (1, 7006, '2023-11-01'), (1, 7007, '2023-12-01'),
       (1, 7008, '2023-11-01'), (1, 7009, '2023-12-01'), --80
       (1, 8000, '2023-11-01'), (1, 8001, '2023-12-01'),
       (1, 8002, '2023-11-01'), (1, 8003, '2023-12-01'),
       (1, 8004, '2023-11-01'), (1, 8005, '2023-12-01'),
       (1, 8006, '2023-11-01'), (1, 8007, '2023-12-01'),
       (1, 8008, '2023-12-01'), (1, 8009, '2023-12-01'), --90
       (1, 9000, '2023-12-01'), (1, 9001, '2023-12-01'),
       (1, 9002, '2023-12-01'), (1, 9003, '2023-12-01'),
       (1, 9004, '2023-12-01'), (1, 9005, '2023-12-01'),
       (1, 9006, '2023-12-01'), (1, 9007, '2023-12-01'),
       (1, 9008, '2023-12-01'), (1, 9009, '2023-12-01'), --100 -- 소학생이 푼 문제 100개
       (2, 1000, '2023-12-01'), (2, 1001, '2023-12-01'),
       (2, 1002, '2023-12-01'), (2, 1003, '2023-12-01'),
       (2, 1004, '2023-12-01'), (2, 1005, '2023-12-01'),
       (2, 1006, '2023-12-01'), (2, 1007, '2023-12-01'),
       (2, 9498, '2023-12-01'), (2, 1330, '2023-12-01'), --10
       (2, 10172, '2023-12-01'), (2, 10171, '2023-12-01'),
       (2, 11382, '2023-12-01'), (2, 2588, '2023-12-01'),
       (2, 2557, '2023-12-01'), (2, 2556, '2023-12-01'),
       (2, 2555, '2023-12-01'), (2, 2554, '2023-12-01'),
       (2, 2553, '2023-12-01'), (2, 2552, '2023-12-01'), --20
       (2, 2000, '2023-12-01'), (2, 2001, '2023-12-01'),
       (2, 2002, '2023-12-01'), (2, 2003, '2023-12-01'),
       (2, 2004, '2023-12-01'), (2, 2005, '2023-12-01'),
       (2, 2006, '2023-12-01'), (2, 2007, '2023-12-01'),
       (2, 2008, '2023-12-01'), (2, 2009, '2023-12-01'), --30
       (2, 3000, '2023-12-01'), (2, 3001, '2023-12-01'),
       (2, 3002, '2023-12-01'), (2, 3003, '2023-12-01'),
       (2, 3004, '2023-12-01'), (2, 3005, '2023-12-01'),
       (2, 3006, '2023-12-01'), (2, 3007, '2023-12-01'),
       (2, 3008, '2023-12-01'), (2, 3009, '2023-12-01'), --40
       (2, 4000, '2023-12-01'), (2, 4001, '2023-12-01'),
       (2, 4002, '2023-12-01'), (2, 4003, '2023-12-01'),
       (2, 4004, '2023-12-02'), (2, 4005, '2023-12-01'),
       (2, 4006, '2023-12-02'), (2, 4007, '2023-12-01'),
       (2, 4008, '2023-12-02'), (2, 4009, '2023-12-01'), --50 -- 이학생이 푼 문제 50개
       (3, 1000, '2023-12-02'), (3, 1001, '2023-12-01'),
       (3, 1002, '2023-12-02'), (3, 1003, '2023-12-01'),
       (3, 1004, '2023-12-02'), (3, 1005, '2023-12-01'),
       (3, 1006, '2023-12-02'), (3, 1007, '2023-12-01'),
       (3, 9498, '2023-12-02'), (3, 1330, '2023-12-01'), --10 -- 김하이가 푼 문제 10개
       (4, 10172, '2023-12-01'), (4, 10171, '2023-12-01'),
       (4, 11382, '2023-12-01'), (4, 2588, '2023-12-01'),
       (4, 2557, '2023-11-02'), (4, 2556, '2023-12-01'),
       (4, 2555, '2023-11-02'),  --7 -- 최하염이 푼 문제 7개
       (7, 10172, '2023-11-01'), (7, 10171, '2023-12-01'),
       (7, 11382, '2023-11-01'), (7, 2588, '2023-12-01'),
       (7, 2557, '2023-11-02'), (7, 2556, '2023-12-01'),
       (7, 2555, '2023-12-02'),  --7 -- 김성주가 푼 문제 7개
       (8, 10172, '2023-12-01'), (8, 10171, '2023-12-01'),
       (8, 11382, '2023-12-01'), (8, 2588, '2023-12-01'),
       (8, 2557, '2023-12-01'), (8, 2556, '2023-12-01'),  --6 -- 이이경이 푼 문제 6개
       (9, 10172, '2023-12-02'), (9, 10171, '2023-12-01'),
       (9, 11382, '2023-12-02'), (9, 2588, '2023-12-01'),
       (9, 2557, '2023-12-02'), (9, 2556, '2023-12-01'),  --6 -- 박나래가 푼 문제 6개
       (10, 10172, '2023-11-01'), (10, 10171, '2023-12-01'),
       (10, 11382, '2023-11-01'), (10, 2588, '2023-12-01'),
       (10, 2557, '2023-11-01'),   --5 -- 유재석이 푼 문제 5개
       (11, 10172, '2023-11-01'), (11, 10171, '2023-12-01'),
       (11, 11382, '2023-12-01'), (11, 2588, '2023-12-01'),
       (11, 2557, '2023-12-01'),   --5 -- 홍길동이 푼 문제 5개
       (12, 10172, '2023-12-01'), (12, 10171, '2023-12-01'),
       (12, 11382, '2023-12-01'), (12, 2588, '2023-12-01'), --4 -- 박보검이 푼 문제 4개
       (13, 10172, '2023-11-01'), (13, 10171, '2023-11-01'),
       (13, 11382, '2023-11-01'), (13, 2588, '2023-11-01'), --4 -- 한소회가 푼 문제 4개
       (14, 10172, '2023-11-01'), (14, 10171, '2023-11-01'),--2 -- 김구라가 푼 문제 2개
        (15, 11382, '2023-12-01'), (15, 2588, '2023-12-01'), --4 -- 애호박 푼 문제 4개
       (15, 10172, '2023-11-01'), (15, 10171, '2023-11-01'),
       (16, 11382, '2023-11-01'), (16, 2588, '2023-12-01'), --4 -- 박데이터 푼 문제 4개
       (17, 10172, '2023-11-01'), (17, 10171, '2023-12-01'),--2 -- 최자료 푼 문제 2개
        (18, 11382, '2023-12-01'), (18, 2588, '2023-12-01'), --4 -- 이테스트 푼 문제 4개
       (18, 10172, '2023-11-01'), (18, 10171, '2023-12-01'),
       (19, 11382, '2023-12-03'), (19, 2588, '2023-11-01'), --4 -- 난사람 푼 문제 4개
       (20, 10172, '2023-12-03'), (20, 10171, '2023-12-01');--2 -- 김시비 푼 문제 2개

